[{"Date": "02-Jan-18", "SENSEX": "33812.26", "NIFTY": "10442.2", "NASDAQ": "7006.899902", "GOLD": "30040"}, 
{"Date": "03-Jan-18", "SENSEX": "33793.38", "NIFTY": "10443.2", "NASDAQ": "7065.529785", "GOLD": "30070"}, 
{"Date": "04-Jan-18", "SENSEX": "33969.64", "NIFTY": "10504.8", "NASDAQ": "7077.910156", "GOLD": "29920"}, 
{"Date": "05-Jan-18", "SENSEX": "34153.85", "NIFTY": "10558.85", "NASDAQ": "7136.560059", "GOLD": "30060"}, 
{"Date": "08-Jan-18", "SENSEX": "34352.79", "NIFTY": "10623.6", "NASDAQ": "7157.390137", "GOLD": "30020"}, 
{"Date": "09-Jan-18", "SENSEX": "34443.19", "NIFTY": "10637", "NASDAQ": "7163.580078", "GOLD": "30130"}, 
{"Date": "10-Jan-18", "SENSEX": "34433.07", "NIFTY": "10632.2", "NASDAQ": "7153.569824", "GOLD": "30020"},
{"Date": "11-Jan-18", "SENSEX": "34503.49", "NIFTY": "10651.2", "NASDAQ": "7211.779785", "GOLD": "30400"}, 
{"Date": "12-Jan-18", "SENSEX": "34592.39", "NIFTY": "10681.25", "NASDAQ": "7261.060059", "GOLD": "30700"},
{"Date": "15-Jan-18", "SENSEX": "34843.51", "NIFTY": "10741.55", "NASDAQ": "7223.689941", "GOLD": "30520"},
{"Date": "16-Jan-18", "SENSEX": "34771.05", "NIFTY": "10700.45", "NASDAQ": "7298.279785", "GOLD": "30670"},
{"Date": "17-Jan-18", "SENSEX": "35081.82", "NIFTY": "10788.55", "NASDAQ": "7296.049805", "GOLD": "30760"},
{"Date": "18-Jan-18", "SENSEX": "35260.29", "NIFTY": "10817", "NASDAQ": "7336.379883", "GOLD": "30690"}, 
{"Date": "19-Jan-18", "SENSEX": "35511.58", "NIFTY": "10894.7", "NASDAQ": "7408.029785", "GOLD": "30880"},
{"Date": "22-Jan-18", "SENSEX": "35798.01", "NIFTY": "10966.2", "NASDAQ": "7460.290039", "GOLD": "31170"}, 
{"Date": "23-Jan-18", "SENSEX": "36139.98", "NIFTY": "11083.7", "NASDAQ": "7415.060059", "GOLD": "31160"}, 
{"Date": "24-Jan-18", "SENSEX": "36161.64", "NIFTY": "11086", "NASDAQ": "7411.160156", "GOLD": "31220"}, 
{"Date": "25-Jan-18", "SENSEX": "36050.44", "NIFTY": "11069.65", "NASDAQ": "7505.77002", "GOLD": "30780"}, 
{"Date": "29-Jan-18", "SENSEX": "36283.25", "NIFTY": "11130.4", "NASDAQ": "7466.509766", "GOLD": "30790"}, 
{"Date": "30-Jan-18", "SENSEX": "36033.73", "NIFTY": "11049.65", "NASDAQ": "7402.47998", "GOLD": "30940"}, 
{"Date": "31-Jan-18", "SENSEX": "35965.02", "NIFTY": "11027.7", "NASDAQ": "7411.47998", "GOLD": "30900"}, 
{"Date": "01-Feb-18", "SENSEX": "35906.66", "NIFTY": "11016.9", "NASDAQ": "7385.859863", "GOLD": "30860"}, 
{"Date": "02-Feb-18", "SENSEX": "35066.75", "NIFTY": "10760.6", "NASDAQ": "7240.950195", "GOLD": "31200"}, 
{"Date": "05-Feb-18", "SENSEX": "34757.16", "NIFTY": "10666.55", "NASDAQ": "6967.529785", "GOLD": "30890"}, 
{"Date": "06-Feb-18", "SENSEX": "34195.94", "NIFTY": "10498.25", "NASDAQ": "7115.879883", "GOLD": "31040"}, 
{"Date": "07-Feb-18", "SENSEX": "34082.71", "NIFTY": "10476.7", "NASDAQ": "7051.97998", "GOLD": "30810"}, 
{"Date": "08-Feb-18", "SENSEX": "34413.16", "NIFTY": "10576.85", "NASDAQ": "6777.160156", "GOLD": "30490"}, 
{"Date": "09-Feb-18", "SENSEX": "34005.76", "NIFTY": "10454.95", "NASDAQ": "6874.490234", "GOLD": "30560"}, 
{"Date": "12-Feb-18", "SENSEX": "34300.47", "NIFTY": "10539.75", "NASDAQ": "6981.959961", "GOLD": "30700"}, 
{"Date": "14-Feb-18", "SENSEX": "34155.95", "NIFTY": "10500.9", "NASDAQ": "7013.509766", "GOLD": "30690"}, 
{"Date": "15-Feb-18", "SENSEX": "34297.47", "NIFTY": "10545.5", "NASDAQ": "7143.620117", "GOLD": "30840"}, 
{"Date": "16-Feb-18", "SENSEX": "34010.76", "NIFTY": "10452.3", "NASDAQ": "7256.430176", "GOLD": "30820"}, 
{"Date": "19-Feb-18", "SENSEX": "33774.66", "NIFTY": "10378.4", "NASDAQ": "7239.470215", "GOLD": "31190"}, 
{"Date": "20-Feb-18", "SENSEX": "33703.59", "NIFTY": "10360.4", "NASDAQ": "7234.310059", "GOLD": "31240"}, 
{"Date": "21-Feb-18", "SENSEX": "33844.86", "NIFTY": "10397.45", "NASDAQ": "7218.22998", "GOLD": "31320"}, 
{"Date": "22-Feb-18", "SENSEX": "33819.5", "NIFTY": "10382.7", "NASDAQ": "7210.089844", "GOLD": "31230"}, 
{"Date": "23-Feb-18", "SENSEX": "34142.15", "NIFTY": "10491.05", "NASDAQ": "7337.390137", "GOLD": "31050"}, 
{"Date": "26-Feb-18", "SENSEX": "34445.75", "NIFTY": "10582.6", "NASDAQ": "7421.459961", "GOLD": "31020"}, 
{"Date": "27-Feb-18", "SENSEX": "34346.39", "NIFTY": "10554.3", "NASDAQ": "7330.350098", "GOLD": "31090"}, 
{"Date": "28-Feb-18", "SENSEX": "34184.04", "NIFTY": "10492.85", "NASDAQ": "7273.009766", "GOLD": "31180"}, 
{"Date": "01-Mar-18", "SENSEX": "34046.94", "NIFTY": "10458.35", "NASDAQ": "7180.5601", "GOLD": "30910"}, 
{"Date": "05-Mar-18", "SENSEX": "33746.78", "NIFTY": "10358.85", "NASDAQ": "7330.71", "GOLD": "31130"}, 
{"Date": "06-Mar-18", "SENSEX": "33317.2", "NIFTY": "10249.25", "NASDAQ": "7372.0098", "GOLD": "31030"}, 
{"Date": "07-Mar-18", "SENSEX": "33033.09", "NIFTY": "10154.2", "NASDAQ": "7396.6499", "GOLD": "31240"}, 
{"Date": "08-Mar-18", "SENSEX": "33351.57", "NIFTY": "10242.65", "NASDAQ": "7427.9502", "GOLD": "31100"}, 
{"Date": "09-Mar-18", "SENSEX": "33307.14", "NIFTY": "10226.85", "NASDAQ": "7560.8101", "GOLD": "30950"}, 
{"Date": "12-Mar-18", "SENSEX": "33917.94", "NIFTY": "10421.4", "NASDAQ": "7588.3198", "GOLD": "30980"}, 
{"Date": "13-Mar-18", "SENSEX": "33856.78", "NIFTY": "10426.85", "NASDAQ": "7511.0098", "GOLD": "30960"}, 
{"Date": "14-Mar-18", "SENSEX": "33835.74", "NIFTY": "10410.9", "NASDAQ": "7496.8101", "GOLD": "31100"}, 
{"Date": "15-Mar-18", "SENSEX": "33685.54", "NIFTY": "10360.15", "NASDAQ": "7481.7402", "GOLD": "31000"}, 
{"Date": "16-Mar-18", "SENSEX": "33176", "NIFTY": "10195.15", "NASDAQ": "7481.9902", "GOLD": "30850"}, 
{"Date": "19-Mar-18", "SENSEX": "32923.12", "NIFTY": "10094.25", "NASDAQ": "7344.2402", "GOLD": "30880"}, 
{"Date": "20-Mar-18", "SENSEX": "32996.76", "NIFTY": "10124.35", "NASDAQ": "7364.2998", "GOLD": "30940"}, 
{"Date": "21-Mar-18", "SENSEX": "33136.18", "NIFTY": "10155.25", "NASDAQ": "7345.29", "GOLD": "30870"}, 
{"Date": "22-Mar-18", "SENSEX": "33006.27", "NIFTY": "10114.75", "NASDAQ": "7166.6802", "GOLD": "31150"}, 
{"Date": "23-Mar-18", "SENSEX": "32596.54", "NIFTY": "9998.05", "NASDAQ": "6992.6699", "GOLD": "31290"}, 
{"Date": "26-Mar-18", "SENSEX": "33066.41", "NIFTY": "10130.65", "NASDAQ": "7220.54", "GOLD": "31450"}, 
{"Date": "27-Mar-18", "SENSEX": "33174.39", "NIFTY": "10184.15", "NASDAQ": "7008.8101", "GOLD": "31470"}, 
{"Date": "28-Mar-18", "SENSEX": "32968.68", "NIFTY": "10113.7", "NASDAQ": "6949.23", "GOLD": "31330"}, 
{"Date": "02-Apr-18", "SENSEX": "33255.36", "NIFTY": "10211.8", "NASDAQ": "6870.1201", "GOLD": "31240"}, 
{"Date": "03-Apr-18", "SENSEX": "33370.63", "NIFTY": "10245", "NASDAQ": "6941.2798", "GOLD": "31410"}, 
{"Date": "04-Apr-18", "SENSEX": "33019.07", "NIFTY": "10128.4", "NASDAQ": "7042.1099", "GOLD": "30890"}, 
{"Date": "05-Apr-18", "SENSEX": "33596.8", "NIFTY": "10325.15", "NASDAQ": "7076.5498", "GOLD": "31150"}, 
{"Date": "06-Apr-18", "SENSEX": "33626.97", "NIFTY": "10331.6", "NASDAQ": "6915.1099", "GOLD": "31130"}, 
{"Date": "09-Apr-18", "SENSEX": "33788.54", "NIFTY": "10379.35", "NASDAQ": "6950.3398", "GOLD": "31210"}, 
{"Date": "10-Apr-18", "SENSEX": "33880.25", "NIFTY": "10402.25", "NASDAQ": "7094.2998", "GOLD": "31210"}, 
{"Date": "11-Apr-18", "SENSEX": "33940.44", "NIFTY": "10417.15", "NASDAQ": "7069.0298", "GOLD": "31470"}, 
{"Date": "12-Apr-18", "SENSEX": "34101.13", "NIFTY": "10458.65", "NASDAQ": "7140.25", "GOLD": "31790"}, 
{"Date": "13-Apr-18", "SENSEX": "34192.65", "NIFTY": "10480.6", "NASDAQ": "7106.6499", "GOLD": "31560"}, 
{"Date": "16-Apr-18", "SENSEX": "34298.13", "NIFTY": "10519.65", "NASDAQ": "7106.65", "GOLD": "31740"}]
